id,bio,name,email
1,"",Hanway,mhanway0@state.tx.us
2,"",Ricardet,bricardet1@whitehouse.gov
3,"",Rolingson,frolingson2@whitehouse.gov
4,"",Tithacott,ntithacott3@howstuffworks.com
5,"",Center,pcenter4@theglobeandmail.com
6,"",Dundin,ydundin5@uol.com.br
7,"",Duncanson,oduncanson6@uiuc.edu
8,"",Llewelly,wllewelly7@yellowpages.com
9,"",Strafford,astrafford8@huffingtonpost.com
10,"",Castagne,tcastagne9@cdbaby.com
11,"",Yate,gyatea@cornell.edu
12,"",Beckinsall,ibeckinsallb@tiny.cc
13,"",Slowey,msloweyc@yahoo.com
14,"",Govett,cgovettd@bandcamp.com
15,"",Dillingham,rdillinghame@vk.com
16,"",Cadwaladr,rcadwaladrf@wufoo.com
17,"",Colliber,jcolliberg@skype.com
18,"",Nenci,dnencih@cisco.com
19,"",Conahy,yconahyi@huffingtonpost.com
20,"",Matteini,tmatteinij@unesco.org
21,"",Gherardi,cgherardik@pbs.org
22,"",Debrett,bdebrettl@china.com.cn
23,"",Dodle,kdodlem@gnu.org
24,"",Lockhurst,llockhurstn@intel.com
25,"",Pieters,lpieterso@exblog.jp
26,"",Cuningham,icuninghamp@state.tx.us
27,"",De la Yglesias,kdelayglesiasq@yellowpages.com
28,"",Bridgewater,cbridgewaterr@ameblo.jp
29,"",Pervoe,spervoes@last.fm
30,"",Cromarty,ecromartyt@vimeo.com
31,"",Adamson,fadamsonu@theglobeandmail.com
32,"",Ablewhite,jablewhitev@github.com
33,"",Winear,awinearw@goo.gl
34,"",Chapelhow,nchapelhowx@google.com
35,"",Giacopello,rgiacopelloy@desdev.cn
36,"",Curror,rcurrorz@surveymonkey.com
37,"",Sawle,zsawle10@arstechnica.com
38,"",Georgeot,cgeorgeot11@cornell.edu
39,"",Conlon,mconlon12@example.com
40,"",Short,bshort13@list-manage.com
41,"",Cherrett,tcherrett14@com.com
42,"",Turbat,oturbat15@github.io
43,"",Stobart,rstobart16@berkeley.edu
44,"",Loffel,rloffel17@timesonline.co.uk
45,"",Broadwood,tbroadwood18@apple.com
46,"",Brierly,lbrierly19@ifeng.com
47,"",O'Garmen,kogarmen1a@usa.gov
48,"",Rubertis,erubertis1b@alibaba.com
49,"",Sneath,lsneath1c@google.com.br
50,"",Loughnan,rloughnan1d@google.co.uk
51,"",Hovenden,chovenden1e@cnbc.com
52,"",Fonzone,lfonzone1f@ucoz.ru
53,"",Do,jdo1g@gravatar.com
54,"",Chaikovski,dchaikovski1h@yellowpages.com
55,"",Terbrug,eterbrug1i@mac.com
56,"",Tithacott,mtithacott1j@paypal.com
57,"",Tenbrug,ttenbrug1k@wix.com
58,"",Lethby,klethby1l@epa.gov
59,"",Ebhardt,mebhardt1m@howstuffworks.com
60,"",Sculpher,dsculpher1n@symantec.com
61,"",Stillert,estillert1o@google.com.au
62,"",Meneo,smeneo1p@moonfruit.com
63,"",O' Donohue,bodonohue1q@ca.gov
64,"",Ireland,kireland1r@washington.edu
65,"",Treadger,htreadger1s@npr.org
66,"",Curless,pcurless1t@hexun.com
67,"",Costellow,bcostellow1u@nature.com
68,"",Vasilenko,mvasilenko1v@wufoo.com
69,"",Pollicote,lpollicote1w@cornell.edu
70,"",Christon,cchriston1x@miitbeian.gov.cn
71,"",Remer,jremer1y@furl.net
72,"",Sijmons,asijmons1z@purevolume.com
73,"",Pettyfar,dpettyfar20@mtv.com
74,"",Eeles,leeles21@cdbaby.com
75,"",Lindell,slindell22@pinterest.com
76,"",Valler,pvaller23@google.ca
77,"",Aynold,jaynold24@rambler.ru
78,"",Filippone,efilippone25@trellian.com
79,"",Gooble,agooble26@mediafire.com
80,"",Ferguson,mferguson27@apache.org
81,"",Jiran,kjiran28@disqus.com
82,"",Montez,kmontez29@wikimedia.org
83,"",Tregent,stregent2a@odnoklassniki.ru
84,"",Sturr,asturr2b@ihg.com
85,"",Mowne,amowne2c@ning.com
86,"",Vallantine,mvallantine2d@timesonline.co.uk
87,"",Garrals,rgarrals2e@msn.com
88,"",Glassborow,aglassborow2f@discuz.net
89,"",Tong,ctong2g@loc.gov
90,"",Bhatia,nbhatia2h@usgs.gov
91,"",Mayzes,amayzes2i@woothemes.com
92,"",Moulsdale,cmoulsdale2j@blogs.com
93,"",Chat,hchat2k@odnoklassniki.ru
94,"",Malpass,cmalpass2l@dell.com
95,"",Badam,bbadam2m@ucla.edu
96,"",Absalom,cabsalom2n@hugedomains.com
97,"",Pellitt,npellitt2o@mapy.cz
98,"",Brea,kbrea2p@hp.com
99,"",Warlow,jwarlow2q@tripod.com
100,"",Duligall,zduligall2r@abc.net.au
101,"",Bernaciak,cbernaciak2s@about.me
102,"",Nibley,dnibley2t@opensource.org
103,"",Tewkesberrie,dtewkesberrie2u@miibeian.gov.cn
104,"",Streatfield,dstreatfield2v@ft.com
105,"",Fairy,gfairy2w@psu.edu
106,"",Jelks,mjelks2x@nymag.com
107,"",Antoney,pantoney2y@friendfeed.com
108,"",Gosby,ggosby2z@indiatimes.com
109,"",Ferrige,rferrige30@twitter.com
110,"",Forty,mforty31@hc360.com
111,"",Basilotta,lbasilotta32@gizmodo.com
112,"",Conkey,oconkey33@twitpic.com
113,"",Bulloch,rbulloch34@artisteer.com
114,"",Lohde,plohde35@omniture.com
115,"",Durtnell,ldurtnell36@irs.gov
116,"",Emmanuele,cemmanuele37@auda.org.au
117,"",Foulis,bfoulis38@canalblog.com
118,"",Eckhard,peckhard39@marriott.com
119,"",Mattinson,mmattinson3a@geocities.jp
120,"",Fraczek,bfraczek3b@baidu.com
121,"",Figura,lfigura3c@about.com
122,"",Shaplin,dshaplin3d@symantec.com
123,"",Thor,lthor3e@reverbnation.com
124,"",Hanster,ehanster3f@ow.ly
125,"",Dacca,edacca3g@tuttocitta.it
126,"",Loxly,mloxly3h@moonfruit.com
127,"",Raggett,braggett3i@icio.us
128,"",Cathcart,fcathcart3j@sitemeter.com
129,"",Vasyutin,rvasyutin3k@msu.edu
130,"",Colegate,bcolegate3l@dmoz.org
131,"",Ackeroyd,fackeroyd3m@accuweather.com
132,"",Holberry,kholberry3n@marriott.com
133,"",Aitken,zaitken3o@sohu.com
134,"",Hinckes,thinckes3p@scribd.com
135,"",Alcoran,talcoran3q@google.com
136,"",Perello,jperello3r@jimdo.com
137,"",Roblin,uroblin3s@google.com
138,"",Shrimpton,bshrimpton3t@go.com
139,"",Renwick,drenwick3u@freewebs.com
140,"",Menaul,omenaul3v@4shared.com
141,"",Martinetto,rmartinetto3w@skype.com
142,"",Lillico,jlillico3x@state.tx.us
143,"",Hallihane,shallihane3y@privacy.gov.au
144,"",Riding,rriding3z@w3.org
145,"",Cornell,ecornell40@cargocollective.com
146,"",Darling,hdarling41@macromedia.com
147,"",Rainy,krainy42@smugmug.com
148,"",Shilleto,ashilleto43@google.de
149,"",Patsall,epatsall44@so-net.ne.jp
150,"",Wareham,nwareham45@constantcontact.com
151,"",Schrieves,rschrieves46@gov.uk
152,"",Whetton,hwhetton47@parallels.com
153,"",Sallings,esallings48@si.edu
154,"",Troop,ftroop49@networksolutions.com
155,"",Cavaney,lcavaney4a@dot.gov
156,"",Apfler,bapfler4b@biblegateway.com
157,"",Tyhurst,jtyhurst4c@yellowpages.com
158,"",Dodshon,bdodshon4d@statcounter.com
159,"",Faircliffe,jfaircliffe4e@unblog.fr
160,"",Simounet,csimounet4f@ftc.gov
161,"",Benka,ebenka4g@google.com.hk
162,"",Tatlock,htatlock4h@hostgator.com
163,"",Sandy,esandy4i@is.gd
164,"",Orpin,borpin4j@jimdo.com
165,"",Larrad,plarrad4k@sakura.ne.jp
166,"",Coxall,jcoxall4l@zdnet.com
167,"",Roberson,croberson4m@sitemeter.com
168,"",Lornsen,elornsen4n@japanpost.jp
169,"",Doohey,bdoohey4o@linkedin.com
170,"",Stonehewer,hstonehewer4p@usnews.com
171,"",Hellyar,bhellyar4q@time.com
172,"",Thornewell,cthornewell4r@so-net.ne.jp
173,"",Gonthard,fgonthard4s@dmoz.org
174,"",Tovey,ltovey4t@ox.ac.uk
175,"",Baldacchi,pbaldacchi4u@npr.org
176,"",Garratt,bgarratt4v@usatoday.com
177,"",Weben,rweben4w@washingtonpost.com
178,"",Heel,iheel4x@google.cn
179,"",Didball,cdidball4y@marriott.com
180,"",Ozelton,mozelton4z@bigcartel.com
181,"",Collerd,lcollerd50@pbs.org
182,"",Mitcham,amitcham51@rediff.com
183,"",Boak,aboak52@archive.org
184,"",Secker,csecker53@about.me
185,"",Pattullo,fpattullo54@columbia.edu
186,"",Kynastone,ckynastone55@theglobeandmail.com
187,"",Debow,cdebow56@latimes.com
188,"",Luty,wluty57@webs.com
189,"",Lavrinov,clavrinov58@unc.edu
190,"",Jenner,cjenner59@illinois.edu
191,"",Gingles,pgingles5a@ca.gov
192,"",Janousek,njanousek5b@oakley.com
193,"",Nibley,rnibley5c@lulu.com
194,"",Skirven,sskirven5d@tumblr.com
195,"",Willcott,gwillcott5e@about.com
196,"",Fattorini,rfattorini5f@statcounter.com
197,"",Rodgerson,krodgerson5g@prnewswire.com
198,"",Halgarth,dhalgarth5h@feedburner.com
199,"",Conibere,lconibere5i@nps.gov
200,"",Deegan,bdeegan5j@ycombinator.com
201,"",Tweed,stweed5k@histats.com
202,"",Westcar,ywestcar5l@squidoo.com
203,"",Brennan,abrennan5m@i2i.jp
204,"",Morris,fmorris5n@unesco.org
205,"",Cadwaladr,jcadwaladr5o@ebay.co.uk
206,"",Kenson,jkenson5p@bloglines.com
207,"",Shackesby,ashackesby5q@ustream.tv
208,"",Brookes,hbrookes5r@joomla.org
209,"",Gipp,dgipp5s@npr.org
210,"",Geraldini,dgeraldini5t@paypal.com
211,"",Mark,amark5u@nps.gov
212,"",Galtone,jgaltone5v@mac.com
213,"",Blockley,ablockley5w@walmart.com
214,"",Hastin,hhastin5x@zdnet.com
215,"",Featherbie,efeatherbie5y@wsj.com
216,"",Goaks,bgoaks5z@soundcloud.com
217,"",Gyde,vgyde60@php.net
218,"",Weymouth,aweymouth61@list-manage.com
219,"",Verheijden,dverheijden62@berkeley.edu
220,"",Miskin,wmiskin63@sohu.com
221,"",Jankovic,bjankovic64@shutterfly.com
222,"",Masedon,amasedon65@quantcast.com
223,"",McKinn,lmckinn66@ft.com
224,"",Pettet,cpettet67@yellowpages.com
225,"",Carress,dcarress68@wiley.com
226,"",Madoc-Jones,emadocjones69@tinyurl.com
227,"",Happs,bhapps6a@t.co
228,"",Ballham,cballham6b@csmonitor.com
229,"",Boyett,lboyett6c@yandex.ru
230,"",Kadar,dkadar6d@meetup.com
231,"",Richie,grichie6e@soundcloud.com
232,"",Nestle,rnestle6f@drupal.org
233,"",Wyley,dwyley6g@bbb.org
234,"",Antonsson,aantonsson6h@webeden.co.uk
235,"",Rosevear,krosevear6i@networkadvertising.org
236,"",Pawlowicz,kpawlowicz6j@nytimes.com
237,"",Whyley,bwhyley6k@google.pl
238,"",Reymers,treymers6l@columbia.edu
239,"",Farryann,afarryann6m@feedburner.com
240,"",Willavize,bwillavize6n@skype.com
241,"",Deevey,kdeevey6o@istockphoto.com
242,"",Quinevan,rquinevan6p@godaddy.com
243,"",Ferriere,fferriere6q@github.com
244,"",Szepe,jszepe6r@wikispaces.com
245,"",Guerrier,cguerrier6s@zimbio.com
246,"",Walsom,awalsom6t@reuters.com
247,"",Tarbert,ntarbert6u@stumbleupon.com
248,"",Reisin,greisin6v@last.fm
249,"",Sheriff,esheriff6w@stanford.edu
250,"",Woolmer,awoolmer6x@imageshack.us
251,"",Eastam,seastam6y@imdb.com
252,"",Work,pwork6z@ihg.com
253,"",Astupenas,aastupenas70@typepad.com
254,"",Gallafant,rgallafant71@home.pl
255,"",Otter,wotter72@netscape.com
256,"",Lillico,mlillico73@webeden.co.uk
257,"",Shurman,tshurman74@illinois.edu
258,"",Jacqueminet,ajacqueminet75@reverbnation.com
259,"",Blamphin,ablamphin76@reuters.com
260,"",Rainton,frainton77@hao123.com
261,"",Crissil,dcrissil78@ovh.net
262,"",Muncie,amuncie79@wisc.edu
263,"",Seeborne,kseeborne7a@amazon.de
264,"",Galbreath,kgalbreath7b@digg.com
265,"",Gemmell,ngemmell7c@sphinn.com
266,"",Teers,mteers7d@liveinternet.ru
267,"",Gligorijevic,igligorijevic7e@adobe.com
268,"",Dundendale,ddundendale7f@ebay.co.uk
269,"",Yard,jyard7g@craigslist.org
270,"",Titchen,ctitchen7h@freewebs.com
271,"",Reubel,areubel7i@princeton.edu
272,"",Brockway,ebrockway7j@digg.com
273,"",Deane,bdeane7k@techcrunch.com
274,"",Shoorbrooke,pshoorbrooke7l@adobe.com
275,"",Kilgallon,rkilgallon7m@mozilla.com
276,"",Swin,sswin7n@mozilla.com
277,"",Maudson,lmaudson7o@t-online.de
278,"",Prickett,nprickett7p@is.gd
279,"",Gasparro,hgasparro7q@last.fm
280,"",Hickeringill,nhickeringill7r@taobao.com
281,"",Lenz,wlenz7s@gov.uk
282,"",Barkworth,zbarkworth7t@craigslist.org
283,"",Pettko,kpettko7u@twitter.com
284,"",Chessell,lchessell7v@github.io
285,"",Brunetti,bbrunetti7w@is.gd
286,"",Petrello,rpetrello7x@google.ru
287,"",Krolle,mkrolle7y@tinypic.com
288,"",Gossage,cgossage7z@ezinearticles.com
289,"",Pawnsford,gpawnsford80@cargocollective.com
290,"",Alennikov,jalennikov81@trellian.com
291,"",Deery,mdeery82@census.gov
292,"",Hulk,ahulk83@nsw.gov.au
293,"",Ingerith,hingerith84@hp.com
294,"",Deetlefs,adeetlefs85@blogspot.com
295,"",Deverose,vdeverose86@pinterest.com
296,"",McBeth,bmcbeth87@comcast.net
297,"",Gillimgham,ggillimgham88@google.nl
298,"",Rosser,trosser89@godaddy.com
299,"",Karpushkin,mkarpushkin8a@home.pl
300,"",Warwicker,twarwicker8b@paypal.com
301,"",Gunn,cgunn8c@github.com
302,"",Bridge,kbridge8d@statcounter.com
303,"",Golling,lgolling8e@smh.com.au
304,"",Rubinovici,wrubinovici8f@gravatar.com
305,"",Wilstead,bwilstead8g@free.fr
306,"",Gurrado,pgurrado8h@economist.com
307,"",Sutherel,fsutherel8i@slashdot.org
308,"",Martindale,cmartindale8j@pcworld.com
309,"",Vedmore,nvedmore8k@house.gov
310,"",Jaimez,cjaimez8l@admin.ch
311,"",McGall,nmcgall8m@soundcloud.com
312,"",Shapiro,sshapiro8n@vinaora.com
313,"",Marskell,bmarskell8o@scientificamerican.com
314,"",Carwardine,ecarwardine8p@booking.com
315,"",Sleite,bsleite8q@51.la
316,"",Shillabeare,sshillabeare8r@mediafire.com
317,"",Lefwich,hlefwich8s@g.co
318,"",Scotsbrook,iscotsbrook8t@exblog.jp
319,"",Tissiman,otissiman8u@jimdo.com
320,"",Marcombe,mmarcombe8v@eventbrite.com
321,"",Pennycuick,bpennycuick8w@reddit.com
322,"",Sagerson,gsagerson8x@salon.com
323,"",Kocher,kkocher8y@imgur.com
324,"",Cable,acable8z@cnet.com
325,"",Riby,mriby90@nydailynews.com
326,"",Doole,bdoole91@feedburner.com
327,"",Aird,gaird92@epa.gov
328,"",Harmstone,sharmstone93@51.la
329,"",Mileham,rmileham94@newyorker.com
330,"",Youngs,gyoungs95@spiegel.de
331,"",Perche,dperche96@soup.io
332,"",Geroldi,dgeroldi97@symantec.com
333,"",Labram,hlabram98@independent.co.uk
334,"",Mangin,hmangin99@usatoday.com
335,"",Dunton,gdunton9a@flickr.com
336,"",Tisor,ltisor9b@yale.edu
337,"",Moralis,xmoralis9c@hatena.ne.jp
338,"",Schwier,lschwier9d@ebay.com
339,"",Paulazzi,cpaulazzi9e@cdc.gov
340,"",Sepey,msepey9f@parallels.com
341,"",Alexsandrowicz,dalexsandrowicz9g@phoca.cz
342,"",Arghent,sarghent9h@google.fr
343,"",Godleman,cgodleman9i@aol.com
344,"",Ford,aford9j@wikipedia.org
345,"",Cyseley,lcyseley9k@nifty.com
346,"",Arnoll,barnoll9l@issuu.com
347,"",Henniger,mhenniger9m@pagesperso-orange.fr
348,"",Camm,bcamm9n@howstuffworks.com
349,"",Madrell,imadrell9o@webmd.com
350,"",Dolan,sdolan9p@go.com
351,"",Deport,edeport9q@nytimes.com
352,"",Glandfield,pglandfield9r@google.com.au
353,"",Shurlock,mshurlock9s@cbsnews.com
354,"",Duckett,sduckett9t@nps.gov
355,"",Beldon,gbeldon9u@phoca.cz
356,"",Dederick,ldederick9v@yellowbook.com
357,"",Bettanay,gbettanay9w@nyu.edu
358,"",Portress,dportress9x@arizona.edu
359,"",Brann,dbrann9y@flavors.me
360,"",Puddefoot,mpuddefoot9z@is.gd
361,"",Clausen,mclausena0@ihg.com
362,"",Sandiland,dsandilanda1@opensource.org
363,"",Blaxeland,sblaxelanda2@eventbrite.com
364,"",Fackney,bfackneya3@fotki.com
365,"",Wordington,mwordingtona4@nationalgeographic.com
366,"",Shopcott,ashopcotta5@dion.ne.jp
367,"",Chatres,achatresa6@mit.edu
368,"",Stollenbecker,tstollenbeckera7@mit.edu
369,"",Vedenisov,wvedenisova8@edublogs.org
370,"",Vassman,gvassmana9@ifeng.com
371,"",Savage,msavageaa@nsw.gov.au
372,"",Duffy,dduffyab@example.com
373,"",Gonthard,rgonthardac@tripadvisor.com
374,"",Deerness,bdeernessad@etsy.com
375,"",Insoll,cinsollae@xrea.com
376,"",Colafate,wcolafateaf@pen.io
377,"",Taffs,ataffsag@topsy.com
378,"",McLean,cmcleanah@booking.com
379,"",Redit,sreditai@umn.edu
380,"",Syers,ksyersaj@zimbio.com
381,"",Crowne,hcrowneak@cargocollective.com
382,"",Fuge,hfugeal@forbes.com
383,"",Ivell,sivellam@europa.eu
384,"",More,mmorean@patch.com
385,"",Sherington,esheringtonao@psu.edu
386,"",Cholonin,lcholoninap@multiply.com
387,"",Dreossi,wdreossiaq@ucla.edu
388,"",Willett,swillettar@qq.com
389,"",Minelli,eminellias@bandcamp.com
390,"",Worpole,tworpoleat@wiley.com
391,"",McPhelimy,pmcphelimyau@baidu.com
392,"",Norquay,rnorquayav@bravesites.com
393,"",Ferrino,wferrinoaw@booking.com
394,"",Pawley,ypawleyax@smugmug.com
395,"",Frankish,nfrankishay@miibeian.gov.cn
396,"",Boliver,cboliveraz@nyu.edu
397,"",Rochell,grochellb0@nature.com
398,"",Taysbil,htaysbilb1@gizmodo.com
399,"",Bottlestone,lbottlestoneb2@godaddy.com
400,"",Sabbatier,msabbatierb3@ebay.com
401,"",Woodes,owoodesb4@taobao.com
402,"",Idill,eidillb5@kickstarter.com
403,"",Crosbie,mcrosbieb6@phpbb.com
404,"",Worboys,lworboysb7@google.com.br
405,"",Tesimon,atesimonb8@jiathis.com
406,"",Nevinson,knevinsonb9@scientificamerican.com
407,"",Fairbridge,afairbridgeba@usnews.com
408,"",Gomby,ggombybb@github.io
409,"",McIlhagga,amcilhaggabc@google.co.jp
410,"",Skillicorn,kskillicornbd@furl.net
411,"",Vanne,tvannebe@auda.org.au
412,"",Moppett,rmoppettbf@1und1.de
413,"",Hebbs,lhebbsbg@cam.ac.uk
414,"",Stebbing,rstebbingbh@amazon.co.uk
415,"",Brookfield,obrookfieldbi@fastcompany.com
416,"",Vanyard,kvanyardbj@zdnet.com
417,"",McQuirk,bmcquirkbk@abc.net.au
418,"",Tather,btatherbl@umich.edu
419,"",Prydden,rpryddenbm@google.pl
420,"",Kopps,pkoppsbn@ezinearticles.com
421,"",Peart,rpeartbo@amazon.com
422,"",Risborough,erisboroughbp@psu.edu
423,"",Bim,sbimbq@networkadvertising.org
424,"",Rushworth,trushworthbr@behance.net
425,"",Cromley,hcromleybs@reference.com
426,"",Bayfield,lbayfieldbt@unesco.org
427,"",Adanet,radanetbu@usda.gov
428,"",Pfleger,kpflegerbv@dailymail.co.uk
429,"",Kares,skaresbw@cdc.gov
430,"",Antecki,manteckibx@hc360.com
431,"",Piffe,jpiffeby@lulu.com
432,"",Gaunson,mgaunsonbz@slashdot.org
433,"",Shilstone,tshilstonec0@mtv.com
434,"",Mc Ilwrick,mmcilwrickc1@slashdot.org
435,"",Juszczyk,ajuszczykc2@miibeian.gov.cn
436,"",Watmore,jwatmorec3@wired.com
437,"",Peter,jpeterc4@walmart.com
438,"",Coales,ecoalesc5@quantcast.com
439,"",Giacomelli,sgiacomellic6@state.gov
440,"",Aitken,maitkenc7@google.ru
441,"",Wisam,swisamc8@hubpages.com
442,"",Smallpeice,rsmallpeicec9@stumbleupon.com
443,"",Levitt,blevittca@wufoo.com
444,"",Boyne,gboynecb@cnbc.com
445,"",O'Hone,lohonecc@squidoo.com
446,"",Jouhning,ljouhningcd@macromedia.com
447,"",Jefferson,njeffersonce@hao123.com
448,"",Klousner,cklousnercf@forbes.com
449,"",Do,adocg@msn.com
450,"",Bille,bbillech@google.com.au
451,"",Espin,aespinci@ehow.com
452,"",Cabotto,jcabottocj@ft.com
453,"",Carcass,ccarcassck@youku.com
454,"",Christie,achristiecl@desdev.cn
455,"",Jakubovsky,cjakubovskycm@washingtonpost.com
456,"",Kick,vkickcn@yellowbook.com
457,"",Rannells,lrannellsco@answers.com
458,"",Watsham,twatshamcp@altervista.org
459,"",Pechell,npechellcq@google.pl
460,"",Rossbrooke,frossbrookecr@weibo.com
461,"",Ovenden,jovendencs@facebook.com
462,"",Harwell,nharwellct@seesaa.net
463,"",McVrone,bmcvronecu@topsy.com
464,"",Loch,llochcv@xinhuanet.com
465,"",Byford,gbyfordcw@baidu.com
466,"",Waiton,kwaitoncx@jigsy.com
467,"",Foystone,hfoystonecy@pen.io
468,"",Vinton,ivintoncz@opensource.org
469,"",Sandham,asandhamd0@tinypic.com
470,"",Benettini,mbenettinid1@bbc.co.uk
471,"",Augustine,yaugustined2@usa.gov
472,"",Ayars,jayarsd3@prlog.org
473,"",Squelch,bsquelchd4@loc.gov
474,"",Rivers,kriversd5@hhs.gov
475,"",Bauckham,rbauckhamd6@engadget.com
476,"",Antcliffe,lantcliffed7@friendfeed.com
477,"",Edeler,dedelerd8@noaa.gov
478,"",McGillreich,lmcgillreichd9@rakuten.co.jp
479,"",Halpen,shalpenda@microsoft.com
480,"",Haile,uhailedb@webs.com
481,"",Records,crecordsdc@163.com
482,"",Cope,scopedd@bbc.co.uk
483,"",Hassell,ahassellde@blinklist.com
484,"",Glanz,lglanzdf@springer.com
485,"",Krale,bkraledg@mapy.cz
486,"",Sleney,rsleneydh@abc.net.au
487,"",Carnall,scarnalldi@t.co
488,"",Reina,lreinadj@foxnews.com
489,"",Behr,cbehrdk@who.int
490,"",Gallehock,mgallehockdl@zdnet.com
491,"",Dowson,tdowsondm@google.com.br
492,"",Chark,pcharkdn@state.gov
493,"",Domeney,fdomeneydo@usgs.gov
494,"",Dranfield,gdranfielddp@answers.com
495,"",Wishkar,dwishkardq@sogou.com
496,"",Streak,fstreakdr@quantcast.com
497,"",Sibylla,nsibyllads@so-net.ne.jp
498,"",Stagge,astaggedt@apple.com
499,"",Jeyness,bjeynessdu@jugem.jp
500,"",Fake,sfakedv@multiply.com
501,"",Witherdon,cwitherdondw@artisteer.com
502,"",Grigoriev,vgrigorievdx@ning.com
503,"",McIlroy,vmcilroydy@simplemachines.org
504,"",Biaggiotti,lbiaggiottidz@macromedia.com
505,"",Penrose,ppenrosee0@upenn.edu
506,"",Mildmott,mmildmotte1@chicagotribune.com
507,"",Rowett,krowette2@opensource.org
508,"",Mechan,jmechane3@cafepress.com
509,"",Rea,mreae4@rakuten.co.jp
510,"",Castelletti,jcastellettie5@illinois.edu
511,"",Flynn,gflynne6@twitpic.com
512,"",De Souza,gdesouzae7@virginia.edu
513,"",Neller,gnellere8@weebly.com
514,"",Casina,acasinae9@washington.edu
515,"",Potteridge,tpotteridgeea@digg.com
516,"",Alvarez,malvarezeb@sfgate.com
517,"",Tappor,ftapporec@blogger.com
518,"",Creffeild,ncreffeilded@hostgator.com
519,"",MacClure,cmacclureee@blogspot.com
520,"",Thursfield,cthursfieldef@dot.gov
521,"",Whebell,jwhebelleg@yahoo.com
522,"",Wadlow,cwadloweh@cnet.com
523,"",Norster,wnorsterei@icio.us
524,"",Jore,mjoreej@amazon.de
525,"",Talton,gtaltonek@php.net
526,"",Margach,kmargachel@marriott.com
527,"",Micka,rmickaem@netlog.com
528,"",Virgin,bvirginen@cpanel.net
529,"",McCaughan,smccaughaneo@stumbleupon.com
530,"",Kidman,fkidmanep@cocolog-nifty.com
531,"",Barsby,cbarsbyeq@tiny.cc
532,"",Marikhin,jmarikhiner@4shared.com
533,"",Jewel,jjeweles@forbes.com
534,"",Sturr,jsturret@tripod.com
535,"",Whapham,lwhaphameu@de.vu
536,"",Macer,pmacerev@elpais.com
537,"",Tzuker,ctzukerew@wordpress.org
538,"",Romushkin,aromushkinex@sitemeter.com
539,"",Van Leijs,mvanleijsey@foxnews.com
540,"",Ostick,dostickez@phpbb.com
541,"",Grievson,ngrievsonf0@independent.co.uk
542,"",Kearns,tkearnsf1@myspace.com
543,"",Castleton,hcastletonf2@shareasale.com
544,"",Gration,lgrationf3@opensource.org
545,"",Inderwick,iinderwickf4@blogspot.com
546,"",Guynemer,rguynemerf5@slashdot.org
547,"",Flaune,sflaunef6@cdc.gov
548,"",Anker,dankerf7@oaic.gov.au
549,"",Buttrick,cbuttrickf8@hubpages.com
550,"",Luke,blukef9@sfgate.com
551,"",Bartkowiak,abartkowiakfa@wikimedia.org
552,"",Renault,erenaultfb@utexas.edu
553,"",Kenzie,gkenziefc@netvibes.com
554,"",Downton,gdowntonfd@twitpic.com
555,"",Ferrarotti,nferrarottife@live.com
556,"",Mallows,gmallowsff@chicagotribune.com
557,"",Rozet,wrozetfg@salon.com
558,"",Dyball,gdyballfh@yale.edu
559,"",Garfitt,mgarfittfi@cbsnews.com
560,"",Barroux,abarrouxfj@tumblr.com
561,"",Perell,aperellfk@gnu.org
562,"",Klimkovich,dklimkovichfl@photobucket.com
563,"",Harston,charstonfm@liveinternet.ru
564,"",Ells,kellsfn@hao123.com
565,"",Messer,bmesserfo@sina.com.cn
566,"",Tipens,rtipensfp@ftc.gov
567,"",Shillington,ushillingtonfq@miibeian.gov.cn
568,"",O'Donoghue,aodonoghuefr@nydailynews.com
569,"",Aronowicz,taronowiczfs@tinypic.com
570,"",Crosi,rcrosift@gmpg.org
571,"",Illyes,cillyesfu@java.com
572,"",Hillitt,ahillittfv@google.com
573,"",Allsep,rallsepfw@soundcloud.com
574,"",Haywood,hhaywoodfx@va.gov
575,"",Bastow,sbastowfy@networkadvertising.org
576,"",Capes,jcapesfz@pcworld.com
577,"",Hanaford,dhanafordg0@zdnet.com
578,"",Keyzman,nkeyzmang1@cyberchimps.com
579,"",Pedrollo,kpedrollog2@mysql.com
580,"",Crippill,mcrippillg3@nyu.edu
581,"",Coslitt,ccoslittg4@eventbrite.com
582,"",Bouzek,lbouzekg5@storify.com
583,"",Pigram,rpigramg6@amazon.de
584,"",Hancorn,shancorng7@chicagotribune.com
585,"",Annis,gannisg8@zimbio.com
586,"",Greenalf,tgreenalfg9@sciencedaily.com
587,"",Henden,shendenga@pen.io
588,"",Buxsy,tbuxsygb@psu.edu
589,"",Schowenburg,cschowenburggc@moonfruit.com
590,"",Hazelgreave,mhazelgreavegd@boston.com
591,"",Rushbrooke,vrushbrookege@usatoday.com
592,"",Fyall,ofyallgf@google.it
593,"",Clatworthy,gclatworthygg@lycos.com
594,"",Freckleton,mfreckletongh@intel.com
595,"",Kruse,akrusegi@sfgate.com
596,"",Shayes,sshayesgj@java.com
597,"",Heaviside,rheavisidegk@amazonaws.com
598,"",Reasun,wreasungl@mozilla.com
599,"",Bearward,mbearwardgm@google.pl
600,"",Perot,pperotgn@creativecommons.org
601,"",Sokale,lsokalego@skyrock.com
602,"",Cutbush,rcutbushgp@nps.gov
603,"",Lorant,blorantgq@walmart.com
604,"",Scarisbrick,nscarisbrickgr@zdnet.com
605,"",Farry,sfarrygs@pagesperso-orange.fr
606,"",Aitkenhead,caitkenheadgt@salon.com
607,"",Merrydew,tmerrydewgu@chron.com
608,"",McAllan,bmcallangv@soup.io
609,"",Bendall,nbendallgw@businessweek.com
610,"",Goodlife,agoodlifegx@about.me
611,"",Norgate,cnorgategy@1688.com
612,"",Capineer,ccapineergz@slideshare.net
613,"",Lumby,rlumbyh0@topsy.com
614,"",Keoghane,nkeoghaneh1@state.gov
615,"",Muggleston,jmugglestonh2@time.com
616,"",Rops,hropsh3@feedburner.com
617,"",Wrey,awreyh4@ucoz.ru
618,"",Hourican,jhouricanh5@timesonline.co.uk
619,"",Grindley,agrindleyh6@accuweather.com
620,"",Cobley,bcobleyh7@sbwire.com
621,"",Brisseau,abrisseauh8@flavors.me
622,"",Eskriet,jeskrieth9@pagesperso-orange.fr
623,"",Jon,gjonha@hubpages.com
624,"",Grunnill,cgrunnillhb@smh.com.au
625,"",Cubberley,rcubberleyhc@shutterfly.com
626,"",Gotling,ugotlinghd@hostgator.com
627,"",Cholomin,pcholominhe@wikipedia.org
628,"",Tiner,atinerhf@sfgate.com
629,"",Dyson,kdysonhg@bigcartel.com
630,"",Yashin,byashinhh@bluehost.com
631,"",Giacubbo,ggiacubbohi@youtu.be
632,"",Badsworth,hbadsworthhj@wsj.com
633,"",Yuill,cyuillhk@live.com
634,"",Stoakley,mstoakleyhl@reference.com
635,"",Van Der Walt,svanderwalthm@un.org
636,"",Stapleford,gstaplefordhn@tripadvisor.com
637,"",Grim,qgrimho@gov.uk
638,"",Randals,krandalshp@cyberchimps.com
639,"",Songust,csongusthq@army.mil
640,"",De La Haye,adelahayehr@imgur.com
641,"",Kubu,hkubuhs@yelp.com
642,"",Leeder,wleederht@alibaba.com
643,"",Pettman,apettmanhu@usnews.com
644,"",Hendron,chendronhv@tiny.cc
645,"",Nethercott,hnethercotthw@tumblr.com
646,"",Kopke,mkopkehx@admin.ch
647,"",Basham,rbashamhy@constantcontact.com
648,"",Scotchmur,rscotchmurhz@seesaa.net
649,"",Roantree,nroantreei0@ucla.edu
650,"",Frankis,sfrankisi1@example.com
651,"",Undrill,aundrilli2@nytimes.com
652,"",Baxstair,zbaxstairi3@omniture.com
653,"",Ramas,lramasi4@buzzfeed.com
654,"",Quantick,bquanticki5@dedecms.com
655,"",Rappport,srappporti6@vkontakte.ru
656,"",Francescuzzi,hfrancescuzzii7@imgur.com
657,"",Riteley,ariteleyi8@yelp.com
658,"",Dillicate,sdillicatei9@last.fm
659,"",Yanne,myanneia@nyu.edu
660,"",Dagg,sdaggib@adobe.com
661,"",Ivanilov,jivanilovic@oracle.com
662,"",Carwardine,lcarwardineid@bloomberg.com
663,"",Giroldi,tgiroldiie@sfgate.com
664,"",Dorre,ldorreif@reddit.com
665,"",Lytlle,dlytlleig@rakuten.co.jp
666,"",Smaleman,jsmalemanih@webmd.com
667,"",Louys,tlouysii@mashable.com
668,"",Sleeman,asleemanij@arstechnica.com
669,"",Forseith,dforseithik@reddit.com
670,"",Ostrich,aostrichil@state.gov
671,"",Bellringer,lbellringerim@nasa.gov
672,"",Blore,fblorein@sourceforge.net
673,"",Symes,ksymesio@slideshare.net
674,"",Crookall,acrookallip@lycos.com
675,"",Rivel,friveliq@jimdo.com
676,"",Ferron,dferronir@time.com
677,"",Leatherland,dleatherlandis@alibaba.com
678,"",Sheivels,rsheivelsit@businesswire.com
679,"",Witchell,kwitchelliu@wix.com
680,"",Edmeads,gedmeadsiv@umich.edu
681,"",Agglione,ragglioneiw@amazon.co.uk
682,"",Pampling,spamplingix@msu.edu
683,"",de Courcey,odecourceyiy@163.com
684,"",Ranklin,krankliniz@archive.org
685,"",Chesher,mchesherj0@cafepress.com
686,"",Cattermull,ncattermullj1@sakura.ne.jp
687,"",Luetchford,mluetchfordj2@mayoclinic.com
688,"",Trayling,rtraylingj3@imdb.com
689,"",Oades,loadesj4@mlb.com
690,"",Dursley,tdursleyj5@barnesandnoble.com
691,"",Guymer,cguymerj6@jalbum.net
692,"",Dufer,cduferj7@qq.com
693,"",Gile,ygilej8@symantec.com
694,"",Mateescu,tmateescuj9@eventbrite.com
695,"",Quin,aquinja@liveinternet.ru
696,"",Juste,djustejb@nsw.gov.au
697,"",Jouannot,ejouannotjc@hp.com
698,"",Chesters,achestersjd@blogs.com
699,"",Faldoe,wfaldoeje@blogtalkradio.com
700,"",Meese,ameesejf@sun.com
701,"",Goodridge,ngoodridgejg@lulu.com
702,"",Probert,mprobertjh@altervista.org
703,"",Glasscoo,pglasscooji@miitbeian.gov.cn
704,"",Burke,rburkejj@dailymail.co.uk
705,"",Beyer,pbeyerjk@vimeo.com
706,"",Darlow,vdarlowjl@tripod.com
707,"",Lowis,glowisjm@ask.com
708,"",Peeke-Vout,cpeekevoutjn@yahoo.co.jp
709,"",Skerritt,nskerrittjo@timesonline.co.uk
710,"",Gagin,lgaginjp@drupal.org
711,"",Albertson,oalbertsonjq@nih.gov
712,"",Baltzar,rbaltzarjr@cocolog-nifty.com
713,"",Blackborne,ablackbornejs@craigslist.org
714,"",Elston,delstonjt@360.cn
715,"",Kleingrub,zkleingrubju@godaddy.com
716,"",Pimlott,mpimlottjv@blinklist.com
717,"",O' Concannon,foconcannonjw@squarespace.com
718,"",Halstead,khalsteadjx@typepad.com
719,"",Norris,jnorrisjy@bloglovin.com
720,"",Sides,tsidesjz@shutterfly.com
721,"",Atrill,vatrillk0@msu.edu
722,"",Heakey,iheakeyk1@weebly.com
723,"",Woolmer,dwoolmerk2@scribd.com
724,"",Steward,astewardk3@sitemeter.com
725,"",Thickens,bthickensk4@weebly.com
726,"",Ashwell,pashwellk5@nationalgeographic.com
727,"",Byre,abyrek6@google.cn
728,"",Gammack,jgammackk7@seattletimes.com
729,"",Barden,mbardenk8@sakura.ne.jp
730,"",Rickeard,prickeardk9@ca.gov
731,"",Tother,xtotherka@hexun.com
732,"",Jayume,ljayumekb@feedburner.com
733,"",McKnish,amcknishkc@example.com
734,"",Beams,rbeamskd@usgs.gov
735,"",Simion,ksimionke@microsoft.com
736,"",Rame,sramekf@altervista.org
737,"",Kaasmann,rkaasmannkg@sourceforge.net
738,"",Agus,laguskh@spotify.com
739,"",Pickavant,lpickavantki@netlog.com
740,"",Tadlow,gtadlowkj@vkontakte.ru
741,"",Mathivet,amathivetkk@yolasite.com
742,"",Spritt,asprittkl@myspace.com
743,"",Iles,vileskm@shop-pro.jp
744,"",Moen,kmoenkn@mediafire.com
745,"",Pocock,vpocockko@nifty.com
746,"",Fillery,hfillerykp@bluehost.com
747,"",Whellams,nwhellamskq@sitemeter.com
748,"",Rignold,brignoldkr@scientificamerican.com
749,"",Revance,crevanceks@ca.gov
750,"",Brimmacombe,pbrimmacombekt@samsung.com
751,"",Moryson,rmorysonku@ucoz.ru
752,"",Pocknoll,apocknollkv@ucoz.com
753,"",Walczak,dwalczakkw@wsj.com
754,"",Ollis,tolliskx@1und1.de
755,"",Ottley,dottleyky@feedburner.com
756,"",Meatcher,cmeatcherkz@jalbum.net
757,"",Saffon,jsaffonl0@cloudflare.com
758,"",Devanney,ddevanneyl1@reference.com
759,"",Westraw,mwestrawl2@creativecommons.org
760,"",Stolworthy,hstolworthyl3@gov.uk
761,"",Ginie,jginiel4@hostgator.com
762,"",Drew,ddrewl5@rakuten.co.jp
763,"",Filppetti,bfilppettil6@businesswire.com
764,"",Tow,ctowl7@hp.com
765,"",Lombard,ilombardl8@photobucket.com
766,"",St Angel,sstangell9@godaddy.com
767,"",Bourgaize,hbourgaizela@unblog.fr
768,"",Paddison,rpaddisonlb@ox.ac.uk
769,"",Levens,mlevenslc@toplist.cz
770,"",De Blase,rdeblaseld@mysql.com
771,"",Bernardelli,hbernardellile@businessweek.com
772,"",Wragge,mwraggelf@sakura.ne.jp
773,"",Lomas,ilomaslg@virginia.edu
774,"",Brickstock,sbrickstocklh@ovh.net
775,"",Bentame,sbentameli@ted.com
776,"",Fernandes,wfernandeslj@europa.eu
777,"",Hawyes,nhawyeslk@chicagotribune.com
778,"",Mechem,mmechemll@mediafire.com
779,"",Abbots,mabbotslm@edublogs.org
780,"",Dobeson,bdobesonln@weibo.com
781,"",Frostick,sfrosticklo@shutterfly.com
782,"",Guy,pguylp@salon.com
783,"",Ffoulkes,bffoulkeslq@joomla.org
784,"",Grieger,agriegerlr@barnesandnoble.com
785,"",Smitheram,csmitheramls@live.com
786,"",Fairfull,jfairfulllt@goodreads.com
787,"",Cella,scellalu@cam.ac.uk
788,"",Blencowe,wblencowelv@drupal.org
789,"",Jerche,ajerchelw@answers.com
790,"",Bernardotte,sbernardottelx@webeden.co.uk
791,"",Parkey,nparkeyly@theatlantic.com
792,"",Kondratowicz,pkondratowiczlz@csmonitor.com
793,"",Baden,bbadenm0@prlog.org
794,"",Phelp,sphelpm1@who.int
795,"",Edeson,pedesonm2@angelfire.com
796,"",Edgell,jedgellm3@virginia.edu
797,"",Jimeno,ajimenom4@51.la
798,"",Dell Casa,fdellcasam5@baidu.com
799,"",Scibsey,sscibseym6@aboutads.info
800,"",Shrubsall,eshrubsallm7@hp.com
801,"",O' Gara,sogaram8@php.net
802,"",Skerme,askermem9@vk.com
803,"",Hasluck,dhasluckma@google.it
804,"",Reddlesden,ereddlesdenmb@parallels.com
805,"",Elcome,relcomemc@feedburner.com
806,"",Greenhead,ngreenheadmd@amazonaws.com
807,"",Mapstone,fmapstoneme@exblog.jp
808,"",MacSwayde,mmacswaydemf@stanford.edu
809,"",Sadd,csaddmg@gravatar.com
810,"",Caccavale,dcaccavalemh@cargocollective.com
811,"",Field,mfieldmi@deviantart.com
812,"",East,teastmj@intel.com
813,"",Wildgoose,iwildgoosemk@amazon.co.jp
814,"",Keyse,nkeyseml@163.com
815,"",Ashbrook,bashbrookmm@photobucket.com
816,"",Vanyukhin,pvanyukhinmn@yolasite.com
817,"",Chinnery,mchinnerymo@etsy.com
818,"",Portail,dportailmp@surveymonkey.com
819,"",Badger,bbadgermq@illinois.edu
820,"",Bevir,fbevirmr@hud.gov
821,"",Collop,zcollopms@barnesandnoble.com
822,"",Candwell,jcandwellmt@nyu.edu
823,"",Humble,mhumblemu@php.net
824,"",Bolderstone,dbolderstonemv@cargocollective.com
825,"",Blare,gblaremw@ucoz.com
826,"",Van Velden,rvanveldenmx@amazon.com
827,"",Probin,aprobinmy@home.pl
828,"",Barrand,bbarrandmz@tamu.edu
829,"",McPaik,jmcpaikn0@skype.com
830,"",Trayford,btrayfordn1@example.com
831,"",Housen,rhousenn2@google.pl
832,"",Cristofari,hcristofarin3@cisco.com
833,"",Welch,mwelchn4@scientificamerican.com
834,"",Danilenko,edanilenkon5@taobao.com
835,"",Albiston,talbistonn6@stanford.edu
836,"",Croke,ccroken7@bing.com
837,"",Cuttles,kcuttlesn8@clickbank.net
838,"",Rodnight,trodnightn9@about.com
839,"",Jouandet,ljouandetna@1und1.de
840,"",Dovey,jdoveynb@drupal.org
841,"",Garretson,agarretsonnc@vinaora.com
842,"",Mitton,tmittonnd@pagesperso-orange.fr
843,"",Jurca,mjurcane@skyrock.com
844,"",Dinnies,jdinniesnf@army.mil
845,"",Probyn,gprobynng@cbsnews.com
846,"",Sidworth,jsidworthnh@histats.com
847,"",Iscowitz,aiscowitzni@disqus.com
848,"",Rudsdell,mrudsdellnj@answers.com
849,"",Cressor,jcressornk@istockphoto.com
850,"",Tompkin,dtompkinnl@github.com
851,"",Mathison,jmathisonnm@seesaa.net
852,"",Boulsher,kboulshernn@usa.gov
853,"",Alpes,jalpesno@businessweek.com
854,"",Torald,jtoraldnp@nps.gov
855,"",Boeter,rboeternq@ifeng.com
856,"",Laux,mlauxnr@pagesperso-orange.fr
857,"",Amerighi,lamerighins@shinystat.com
858,"",Hrinishin,khrinishinnt@redcross.org
859,"",Warrell,ewarrellnu@imdb.com
860,"",Tonsley,ptonsleynv@state.tx.us
861,"",Friedman,kfriedmannw@uiuc.edu
862,"",Momery,nmomerynx@dot.gov
863,"",Leadbitter,zleadbitterny@issuu.com
864,"",Klimek,tklimeknz@miibeian.gov.cn
865,"",Binnes,mbinneso0@answers.com
866,"",Jeness,gjenesso1@psu.edu
867,"",Savatier,asavatiero2@cnn.com
868,"",Clingoe,fclingoeo3@utexas.edu
869,"",Fernier,lferniero4@livejournal.com
870,"",Patty,cpattyo5@comsenz.com
871,"",Delcastel,adelcastelo6@plala.or.jp
872,"",Mogie,rmogieo7@dagondesign.com
873,"",Urlin,murlino8@npr.org
874,"",Senecaux,tsenecauxo9@cocolog-nifty.com
875,"",Cadle,mcadleoa@howstuffworks.com
876,"",Lafond,mlafondob@blinklist.com
877,"",Lipsett,klipsettoc@cbsnews.com
878,"",Condie,ncondieod@google.com.au
879,"",Pays,bpaysoe@eventbrite.com
880,"",Vanyukhin,hvanyukhinof@desdev.cn
881,"",Corah,scorahog@earthlink.net
882,"",Grinov,egrinovoh@mit.edu
883,"",Hanlon,ahanlonoi@jalbum.net
884,"",Harron,iharronoj@list-manage.com
885,"",Laguerre,slaguerreok@comsenz.com
886,"",Guidelli,mguidelliol@bbc.co.uk
887,"",Borel,dborelom@time.com
888,"",McCue,kmccueon@addthis.com
889,"",Tiner,ftineroo@hatena.ne.jp
890,"",Gottelier,agottelierop@sitemeter.com
891,"",Darlasson,adarlassonoq@trellian.com
892,"",Standell,cstandellor@mayoclinic.com
893,"",Late,elateos@tripod.com
894,"",Brandenberg,abrandenbergot@alibaba.com
895,"",Mahomet,nmahometou@nydailynews.com
896,"",Bagshaw,mbagshawov@addtoany.com
897,"",Embling,temblingow@blog.com
898,"",Ondrusek,dondrusekox@cmu.edu
899,"",Wapplington,awapplingtonoy@epa.gov
900,"",Domniney,edomnineyoz@economist.com
901,"",Bacup,ebacupp0@pcworld.com
902,"",Rubury,bruburyp1@freewebs.com
903,"",Bess,kbessp2@topsy.com
904,"",Collinge,ncollingep3@webeden.co.uk
905,"",Reubel,greubelp4@woothemes.com
906,"",Pashenkov,ppashenkovp5@mashable.com
907,"",Blankenship,cblankenshipp6@e-recht24.de
908,"",Pude,rpudep7@google.pl
909,"",Bamford,rbamfordp8@ca.gov
910,"",Pinson,mpinsonp9@cafepress.com
911,"",Beachamp,abeachamppa@ucsd.edu
912,"",Koppes,tkoppespb@lycos.com
913,"",Bigby,fbigbypc@fema.gov
914,"",Le Brum,llebrumpd@apache.org
915,"",Face,dfacepe@howstuffworks.com
916,"",Upton,suptonpf@bravesites.com
917,"",Rablin,srablinpg@twitpic.com
918,"",Barrell,cbarrellph@icio.us
919,"",McCook,nmccookpi@telegraph.co.uk
920,"",Suddell,esuddellpj@dailymail.co.uk
921,"",Paradyce,bparadycepk@privacy.gov.au
922,"",Blamire,mblamirepl@usgs.gov
923,"",Le Gassick,mlegassickpm@typepad.com
924,"",Aspling,hasplingpn@shareasale.com
925,"",Vannar,kvannarpo@ustream.tv
926,"",Dyhouse,kdyhousepp@telegraph.co.uk
927,"",Snalham,msnalhampq@twitpic.com
928,"",Pannaman,wpannamanpr@is.gd
929,"",Staden,jstadenps@yellowpages.com
930,"",Skelington,askelingtonpt@independent.co.uk
931,"",Reeveley,zreeveleypu@behance.net
932,"",Wordington,swordingtonpv@mashable.com
933,"",Croad,acroadpw@tmall.com
934,"",Gotfrey,bgotfreypx@tumblr.com
935,"",Abramino,oabraminopy@mac.com
936,"",Rickerby,rrickerbypz@ezinearticles.com
937,"",Ubsdell,tubsdellq0@mozilla.com
938,"",Mainz,bmainzq1@constantcontact.com
939,"",Keays,lkeaysq2@wikipedia.org
940,"",Linebarger,flinebargerq3@sfgate.com
941,"",Deveral,edeveralq4@about.com
942,"",Godbold,zgodboldq5@geocities.com
943,"",Filipponi,rfilipponiq6@ustream.tv
944,"",Glanders,sglandersq7@who.int
945,"",Breache,abreacheq8@craigslist.org
946,"",Ducaen,cducaenq9@elegantthemes.com
947,"",Flode,mflodeqa@t-online.de
948,"",Charlotte,ucharlotteqb@comcast.net
949,"",Teacy,pteacyqc@samsung.com
950,"",Shambroke,fshambrokeqd@umn.edu
951,"",Yukhtin,myukhtinqe@jiathis.com
952,"",Christie,fchristieqf@harvard.edu
953,"",Yare,kyareqg@xrea.com
954,"",Craw,ecrawqh@facebook.com
955,"",Fretwell,rfretwellqi@facebook.com
956,"",Aindriu,naindriuqj@examiner.com
957,"",Pidgin,opidginqk@vk.com
958,"",Keunemann,dkeunemannql@google.es
959,"",Marquis,wmarquisqm@godaddy.com
960,"",Georgescu,lgeorgescuqn@washingtonpost.com
961,"",Hizir,chizirqo@netscape.com
962,"",Le Page,hlepageqp@bloglovin.com
963,"",Cornau,lcornauqq@indiegogo.com
964,"",Reiling,dreilingqr@discovery.com
965,"",Caze,jcazeqs@sina.com.cn
966,"",McCrorie,hmccrorieqt@unc.edu
967,"",Sheircliffe,jsheircliffequ@discovery.com
968,"",Whyberd,jwhyberdqv@google.com.hk
969,"",McGrann,omcgrannqw@weebly.com
970,"",Beefon,mbeefonqx@ning.com
971,"",Coatts,jcoattsqy@walmart.com
972,"",Durkin,fdurkinqz@yandex.ru
973,"",Frudd,cfruddr0@ebay.co.uk
974,"",Brik,tbrikr1@scientificamerican.com
975,"",Minker,kminkerr2@msn.com
976,"",Magill,mmagillr3@seesaa.net
977,"",Taile,dtailer4@twitter.com
978,"",Bozier,abozierr5@marketwatch.com
979,"",Dulinty,cdulintyr6@deliciousdays.com
980,"",Cordel,jcordelr7@tinyurl.com
981,"",Fold,cfoldr8@state.tx.us
982,"",Cicconetti,lcicconettir9@netvibes.com
983,"",Danslow,rdanslowra@sogou.com
984,"",Leatherbarrow,nleatherbarrowrb@usgs.gov
985,"",Tissier,stissierrc@ucsd.edu
986,"",Gerren,jgerrenrd@youtu.be
987,"",Lafont,clafontre@angelfire.com
988,"",Hamlen,ahamlenrf@constantcontact.com
989,"",Yann,kyannrg@mayoclinic.com
990,"",Illiston,sillistonrh@mediafire.com
991,"",Dorsett,wdorsettri@reddit.com
992,"",Wenderott,awenderottrj@angelfire.com
993,"",Arndtsen,earndtsenrk@state.gov
994,"",Sydney,msydneyrl@histats.com
995,"",Aynold,paynoldrm@ed.gov
996,"",Shore,tshorern@usnews.com
997,"",MacFadin,amacfadinro@networkadvertising.org
998,"",Domniney,gdomnineyrp@netvibes.com
999,"",Dizlie,ddizlierq@wordpress.com
1000,"",Worsalls,pworsallsrr@hud.gov
